_id,user,loginTime,ipAddress,__v,name,email
69c7c6a4b11113bf971bdee8,69bd42a481927e4257463616,Sat Mar 28 2026 17:46:36 GMT+0530 (India Standard Time),::1,0,,
69c7c6cab11113bf971bdeec,69bd497a9a27a5a52961a2e9,Sat Mar 28 2026 17:47:14 GMT+0530 (India Standard Time),::1,0,,
69c7c70fb11113bf971bdefa,69bd497a9a27a5a52961a2e9,Sat Mar 28 2026 17:48:23 GMT+0530 (India Standard Time),::1,0,,
69c7c77fb11113bf971bdf08,69bd42a481927e4257463616,Sat Mar 28 2026 17:50:15 GMT+0530 (India Standard Time),::1,0,,
69c7c7e5b11113bf971bdf0c,69bd42a481927e4257463616,Sat Mar 28 2026 17:51:57 GMT+0530 (India Standard Time),::1,0,,
69c80b132a3dcc12abb75d91,69c80b002a3dcc12abb75d8c,Sat Mar 28 2026 22:38:35 GMT+0530 (India Standard Time),::1,0,,
69c814d7882db5f92af07740,69c80b002a3dcc12abb75d8c,Sat Mar 28 2026 23:20:15 GMT+0530 (India Standard Time),::1,0,,
69c81522882db5f92af0774d,69bd42a481927e4257463616,Sat Mar 28 2026 23:21:30 GMT+0530 (India Standard Time),::1,0,,
69c81aba4402dc8f95aacba8,69c80b002a3dcc12abb75d8c,Sat Mar 28 2026 23:45:22 GMT+0530 (India Standard Time),::1,0,,
69c81ae74402dc8f95aacbb4,69bd497a9a27a5a52961a2e9,Sat Mar 28 2026 23:46:07 GMT+0530 (India Standard Time),::1,0,,
69c81b544402dc8f95aacc56,69bd42a481927e4257463616,Sat Mar 28 2026 23:47:56 GMT+0530 (India Standard Time),::1,0,,
69c81c7a4402dc8f95aacc91,69bd497a9a27a5a52961a2e9,Sat Mar 28 2026 23:52:50 GMT+0530 (India Standard Time),::1,0,,
69c81f300cb607ccfb1819f3,69bd42a481927e4257463616,Sun Mar 29 2026 00:04:24 GMT+0530 (India Standard Time),::1,0,,
69c8d08acc6b88e4669df98a,69bd497a9a27a5a52961a2e9,Sun Mar 29 2026 12:41:06 GMT+0530 (India Standard Time),::1,0,,
69c8d0d0cc6b88e4669df9aa,69c80b002a3dcc12abb75d8c,Sun Mar 29 2026 12:42:16 GMT+0530 (India Standard Time),::1,0,,
69c8ed7f11009b5cedb88089,69bd497a9a27a5a52961a2e9,Sun Mar 29 2026 14:44:39 GMT+0530 (India Standard Time),::1,0,,
69c8fc80dc4d692ace911707,69bd42a481927e4257463616,Sun Mar 29 2026 15:48:40 GMT+0530 (India Standard Time),::1,0,,
69c8fc9adc4d692ace911711,69bd497a9a27a5a52961a2e9,Sun Mar 29 2026 15:49:06 GMT+0530 (India Standard Time),::1,0,,
69c8fcc5dc4d692ace91171f,69c80b002a3dcc12abb75d8c,Sun Mar 29 2026 15:49:49 GMT+0530 (India Standard Time),::1,0,,
69c9012fdc4d692ace911738,69bd42a481927e4257463616,Sun Mar 29 2026 16:08:39 GMT+0530 (India Standard Time),::1,0,,
69c901a4dc4d692ace911749,69c901a4dc4d692ace911744,Sun Mar 29 2026 16:10:36 GMT+0530 (India Standard Time),::1,0,,
69c901a4dc4d692ace911752,69c901a4dc4d692ace91174d,Sun Mar 29 2026 16:10:36 GMT+0530 (India Standard Time),::1,0,,
69c9044620b0180c06211a3b,69bd497a9a27a5a52961a2e9,Sun Mar 29 2026 16:21:50 GMT+0530 (India Standard Time),::1,0,,
69c907499df492f2465e816a,69c57d20dd06b507907d4cc9,Sun Mar 29 2026 16:34:41 GMT+0530 (India Standard Time),::1,0,,
69c908049df492f2465e8184,69bd497a9a27a5a52961a2e9,Sun Mar 29 2026 16:37:48 GMT+0530 (India Standard Time),::1,0,,
69c90a08b5da674c70a3f430,69bd42a481927e4257463616,Sun Mar 29 2026 16:46:24 GMT+0530 (India Standard Time),::1,0,,
69c90e73b5da674c70a3f459,69bd497a9a27a5a52961a2e9,Sun Mar 29 2026 17:05:15 GMT+0530 (India Standard Time),::1,0,,
69c915137d25c8e9625b73dd,69c80b002a3dcc12abb75d8c,Sun Mar 29 2026 17:33:31 GMT+0530 (India Standard Time),::1,0,,
69c915447d25c8e9625b73ee,69bd497a9a27a5a52961a2e9,Sun Mar 29 2026 17:34:20 GMT+0530 (India Standard Time),::1,0,,
69c9250a7d25c8e9625b74c6,69bd42a481927e4257463616,Sun Mar 29 2026 18:41:38 GMT+0530 (India Standard Time),::1,0,,
69c925947d25c8e9625b74d6,69bd497a9a27a5a52961a2e9,Sun Mar 29 2026 18:43:56 GMT+0530 (India Standard Time),::1,0,,
69c926007d25c8e9625b74f2,69bd42a481927e4257463616,Sun Mar 29 2026 18:45:44 GMT+0530 (India Standard Time),::1,0,,
69c9268b7d25c8e9625b750a,69bd42a481927e4257463616,Sun Mar 29 2026 18:48:03 GMT+0530 (India Standard Time),::1,0,,
69c9272a7d25c8e9625b7527,69c9270e7d25c8e9625b7522,Sun Mar 29 2026 18:50:42 GMT+0530 (India Standard Time),::1,0,,
69c928167d25c8e9625b7539,69bd497a9a27a5a52961a2e9,Sun Mar 29 2026 18:54:38 GMT+0530 (India Standard Time),::1,0,,
69c928757d25c8e9625b7565,69bd42a481927e4257463616,Sun Mar 29 2026 18:56:13 GMT+0530 (India Standard Time),::1,0,,
69c928a57d25c8e9625b7578,69bd497a9a27a5a52961a2e9,Sun Mar 29 2026 18:57:01 GMT+0530 (India Standard Time),::1,0,,
69c928d67d25c8e9625b75ba,69bd42a481927e4257463616,Sun Mar 29 2026 18:57:50 GMT+0530 (India Standard Time),::1,0,,
69c929367d25c8e9625b75ca,69bd497a9a27a5a52961a2e9,Sun Mar 29 2026 18:59:26 GMT+0530 (India Standard Time),::1,0,,
69c92a247d25c8e9625b7661,69bd497a9a27a5a52961a2e9,Sun Mar 29 2026 19:03:24 GMT+0530 (India Standard Time),::1,0,,
69c92ac57d25c8e9625b766f,69bd42a481927e4257463616,Sun Mar 29 2026 19:06:05 GMT+0530 (India Standard Time),::1,0,,
69c92b7f7d25c8e9625b769c,69bd497a9a27a5a52961a2e9,Sun Mar 29 2026 19:09:11 GMT+0530 (India Standard Time),::1,0,,
69c92c927d25c8e9625b7739,69bd42a481927e4257463616,Sun Mar 29 2026 19:13:46 GMT+0530 (India Standard Time),::1,0,,
69c92d097d25c8e9625b7747,69bd42a481927e4257463616,Sun Mar 29 2026 19:15:45 GMT+0530 (India Standard Time),::1,0,,
69c92d227d25c8e9625b7751,69bd497a9a27a5a52961a2e9,Sun Mar 29 2026 19:16:10 GMT+0530 (India Standard Time),::1,0,,
69c92e307d25c8e9625b77c4,69bd497a9a27a5a52961a2e9,Sun Mar 29 2026 19:20:40 GMT+0530 (India Standard Time),::1,0,,
69c92e7e7d25c8e9625b77ea,69bd42a481927e4257463616,Sun Mar 29 2026 19:21:58 GMT+0530 (India Standard Time),::1,0,,
69c9726fc8e45389de45c8c4,69bd42a481927e4257463616,Mon Mar 30 2026 00:11:51 GMT+0530 (India Standard Time),::1,0,,
69c9744ec8e45389de45c8e2,69bd497a9a27a5a52961a2e9,Mon Mar 30 2026 00:19:50 GMT+0530 (India Standard Time),::1,0,,
69c977bcfd2b0a9ea37a0f0c,69bd42a481927e4257463616,Mon Mar 30 2026 00:34:28 GMT+0530 (India Standard Time),::1,0,,
69c97a5a0ce4b82249461b20,69bd42a481927e4257463616,Mon Mar 30 2026 00:45:38 GMT+0530 (India Standard Time),::1,0,,
69c97ac90ce4b82249461b39,69c97ab70ce4b82249461b34,Mon Mar 30 2026 00:47:29 GMT+0530 (India Standard Time),::1,0,,
69c97c740ce4b82249461b49,69c97ab70ce4b82249461b34,Mon Mar 30 2026 00:54:36 GMT+0530 (India Standard Time),::1,0,,
69c97daf0ce4b82249461b59,69c97ab70ce4b82249461b34,Mon Mar 30 2026 00:59:51 GMT+0530 (India Standard Time),::1,0,,
69c97e070ce4b82249461b87,69bd497a9a27a5a52961a2e9,Mon Mar 30 2026 01:01:19 GMT+0530 (India Standard Time),::1,0,,
69c98185660f42f2ee6ef648,69c80b002a3dcc12abb75d8c,Mon Mar 30 2026 01:16:13 GMT+0530 (India Standard Time),::1,0,,
69c981db660f42f2ee6ef65a,69bd497a9a27a5a52961a2e9,Mon Mar 30 2026 01:17:39 GMT+0530 (India Standard Time),::1,0,,
69ca486d660f42f2ee6ef734,69bd42a481927e4257463616,Mon Mar 30 2026 15:24:53 GMT+0530 (India Standard Time),::1,0,,
69ca4b28660f42f2ee6ef764,69bd497a9a27a5a52961a2e9,Mon Mar 30 2026 15:36:32 GMT+0530 (India Standard Time),::1,0,,
69ca4f2c660f42f2ee6ef784,69bd42a481927e4257463616,Mon Mar 30 2026 15:53:40 GMT+0530 (India Standard Time),::1,0,,
69ca5832ab91642292a3ba62,69ca580dab91642292a3ba5f,Mon Mar 30 2026 16:32:10 GMT+0530 (India Standard Time),::1,0,,
69ca5943ab91642292a3ba70,69bd42a481927e4257463616,Mon Mar 30 2026 16:36:43 GMT+0530 (India Standard Time),::1,0,,
69ca5a93f1d985fff5c6dc7b,69ca580dab91642292a3ba5f,Mon Mar 30 2026 16:42:19 GMT+0530 (India Standard Time),::1,0,,
69ca5abbf1d985fff5c6dc86,69ca580dab91642292a3ba5f,Mon Mar 30 2026 16:42:59 GMT+0530 (India Standard Time),::1,0,,
69ca5c3720a6e7c2125fdff6,69bd42a481927e4257463616,Mon Mar 30 2026 16:49:19 GMT+0530 (India Standard Time),::1,0,Admin User,dunminir@gmail.com